dinucleotide	count	fraction
AA	6542775	0.134938248
AC	2480134	0.051150305
AG	2472478	0.050992408
AT	5228856	0.107839971
CA	2801883	0.057786059
CC	1312444	0.027067856
CG	941207	0.019411461
CT	2486414	0.051279824
GA	2695842	0.055599069
GC	1053654	0.021730569
GG	1295351	0.02671533
GT	2468367	0.050907622
TA	4681037	0.096541748
TC	2698388	0.055651578
TG	2801561	0.057779418
TT	6526788	0.134608532
