dinucleotide	estimate	bootstrapped_mean	bootstrapped_lower_95_ci	bootstrapped_upper_95_ci
AA	0.2637253836940417	0.2615275986085944	0.2589356018862025	0.26411959533098633
AC	0.019276595288706695	0.019107510921295402	0.01879279162933943	0.019422230213251374
AG	0.02753240116230298	0.027567920269920835	0.027042733628171348	0.028093106911670322
AT	0.10033176751040022	0.10054112626566557	0.09918092099850134	0.10190133153282979
CA	0.017434095461745697	0.017196778333214324	0.016921881208758694	0.017471675457669953
CC	0.00441894119884158	0.004388212065805722	0.004295182248258765	0.004481241883352679
CG	0.004729579122834266	0.0047012735571491885	0.004603872696212218	0.004798674418086159
CT	0.03060217028632888	0.03046593146492109	0.029934615504525957	0.030997247425316222
GA	0.030317811626487542	0.030637693075690454	0.03009500801747439	0.03118037813390652
GC	0.004413706555423731	0.00446674341038851	0.004363245380961132	0.004570241439815888
GG	0.006617518468348498	0.006631646652242496	0.006499412159274816	0.006763881145210176
GT	0.02873107347787247	0.029089062704669995	0.028527510129603084	0.029650615279736905
TA	0.11731929853431473	0.11747258744440066	0.11612894725479923	0.11881622763400208
TC	0.024477844035644666	0.02489743208374498	0.02441320591992438	0.02538165824756558
TG	0.025106265225734108	0.02526666059436616	0.02476456604944147	0.02576875513929085
TT	0.2949655483509725	0.29604182254793016	0.29324430065185597	0.29883934444400434
