dinucleotide	estimate	bootstrapped_mean	bootstrapped_lower_95_ci	bootstrapped_upper_95_ci
AA	0.22440274995551446	0.22583433576371165	0.22169212391677662	0.22997654761064668
AC	0.045473718539784595	0.045932885463601435	0.04466541999755213	0.04720035092965074
AG	0.03334210399338555	0.03403538678492318	0.03315914288002771	0.03491163068981865
AT	0.17358395823923817	0.17141509310276248	0.1684785310989195	0.17435165510660547
CA	0.04639461291342017	0.04681426848957165	0.0456209762153202	0.04800756076382311
CC	0.005350190125874396	0.005439780464457849	0.005278841370417053	0.0056007195584986446
CG	0.00448987898143769	0.004614938464676908	0.004472210202956709	0.004757666726397107
CT	0.025624655179347627	0.025337540152954818	0.02465832557414078	0.026016754731768857
GA	0.023289223862000028	0.02356614703193556	0.022917749056083046	0.024214545007788076
GC	0.007519207052504036	0.00772868098803846	0.007442142535149922	0.008015219440926997
GG	0.004680585075009233	0.004816605208495537	0.004663439358698283	0.00496977105829279
GT	0.04300187468893034	0.04347716136927789	0.042370657538509555	0.04458366520004623
TA	0.1304758914441458	0.13020488881462752	0.12751849089128767	0.13289128673796738
TC	0.02553874682127955	0.025729111996430912	0.024965511655296098	0.026492712337565727
TG	0.031887658246799046	0.0314079740271003	0.030533521865176865	0.03228242618902374
TT	0.17494494488132936	0.17364520187743396	0.16973505022638322	0.1775553535284847
